{"py/object": "rasa.core.featurizers.tracker_featurizers.IntentMaxHistoryTrackerFeaturizer", "state_featurizer": {"py/object": "rasa.core.featurizers.single_state_featurizer.IntentTokenizerSingleStateFeaturizer", "_default_feature_states": {"intent": {"back": 0, "bot_challenge": 1, "cluster_headache": 2, "cold": 3, "cold_confirm": 4, "cold_sym": 5, "fever_sym": 6, "fracture_accepted": 7, "fracture_details": 8, "fracture_sym": 9, "goodbye": 10, "greet": 11, "headache": 12, "med_helped": 13, "med_not_helped": 14, "migrane": 15, "nlu_fallback": 16, "not_well": 17, "out_of_scope": 18, "restart": 19, "session_start": 20, "tension_headache": 21, "well": 22}, "action_name": {"action_listen": 0, "action_restart": 1, "action_session_start": 2, "action_default_fallback": 3, "action_deactivate_loop": 4, "action_revert_fallback_events": 5, "action_default_ask_affirmation": 6, "action_default_ask_rephrase": 7, "action_two_stage_fallback": 8, "action_unlikely_intent": 9, "action_back": 10, "...": 11, "action_extract_slots": 12, "action_new_sym": 13, "utter_greet": 14, "utter_goodbye": 15, "utter_iamabot": 16, "utter_cold_sym": 17, "utter_cold_med": 18, "utter_feedback": 19, "utter_med_not_helped": 20, "utter_med_helped": 21, "utter_not_well": 22, "utter_well": 23, "utter_fever_med": 24, "utter_fracture_sym": 25, "utter_fracture_details": 26, "utter_fracture_confirm": 27, "utter_headache_type": 28, "utter_migrane": 29, "utter_tension_headache": 30, "utter_cluster_headache": 31}, "entities": {}, "slots": {}, "active_loop": {}}, "action_texts": [], "entity_tag_specs": null}, "max_history": 5, "remove_duplicates": true}